<?xml version="1.0" encoding="UTF-8" ?>
<resource_file type="StyleBoxFlat" subresource_count="1" version="2.1" version_name="Godot Engine v2.1.stable.official">
	<main_resource>
		<real name="content_margin/left"> -1 </real>
		<real name="content_margin/right"> -1 </real>
		<real name="content_margin/top"> -1 </real>
		<real name="content_margin/bottom"> -1 </real>
		<color name="bg_color"> 1, 0.585938, 0, 1 </color>
		<color name="light_color"> 0.8, 0.8, 0.8, 1 </color>
		<color name="dark_color"> 0.8, 0.8, 0.8, 1 </color>
		<int name="border_size"> 0 </int>
		<bool name="border_blend"> True </bool>
		<bool name="draw_bg"> True </bool>

	</main_resource>
</resource_file>