<?xml version="1.0" encoding="UTF-8" ?>
<resource_file type="PackedScene" subresource_count="5" version="2.1" version_name="Godot Engine v2.1.stable.official">
	<ext_resource path="res://Assets/images/star.png" type="Texture" index="0"></ext_resource>
	<ext_resource path="res://Assets/sounds/upshort.wav" type="Sample" index="1"></ext_resource>
	<resource type="Animation" path="local://1">
		<string name="resource/name"> "jump" </string>
		<real name="length"> 1 </real>
		<bool name="loop"> False </bool>
		<real name="step"> 0.1 </real>
		<string name="tracks/0/type"> "value" </string>
		<node_path name="tracks/0/path"> "SamplePlayer2D:play/play" </node_path>
		<int name="tracks/0/interp"> 1 </int>
		<bool name="tracks/0/imported"> False </bool>
		<dictionary name="tracks/0/keys" shared="false">
			<string> "times" </string>
			<real_array  len="1"> 				0 </real_array>
			<string> "transitions" </string>
			<real_array  len="1"> 				1 </real_array>
			<string> "update" </string>
			<int> 2 </int>
			<string> "values" </string>
			<array  len="1" shared="false">
				<string> "jump" </string>
			</array>
		</dictionary>
		<string name="tracks/1/type"> "value" </string>
		<node_path name="tracks/1/path"> "Sprite:transform/pos" </node_path>
		<int name="tracks/1/interp"> 1 </int>
		<bool name="tracks/1/imported"> False </bool>
		<dictionary name="tracks/1/keys" shared="false">
			<string> "times" </string>
			<real_array  len="4"> 				0, 0.3, 0.5, 0.6 </real_array>
			<string> "transitions" </string>
			<real_array  len="4"> 				0.25, 4, 1, 1 </real_array>
			<string> "update" </string>
			<int> 0 </int>
			<string> "values" </string>
			<array  len="4" shared="false">
				<vector2> 0, 0 </vector2>
				<vector2> 0, -255.386 </vector2>
				<vector2> 0, 48.1162 </vector2>
				<vector2> 0, 0 </vector2>
			</array>
		</dictionary>
		<string name="tracks/2/type"> "value" </string>
		<node_path name="tracks/2/path"> "Sprite:transform/rot" </node_path>
		<int name="tracks/2/interp"> 1 </int>
		<bool name="tracks/2/imported"> False </bool>
		<dictionary name="tracks/2/keys" shared="false">
			<string> "times" </string>
			<real_array  len="2"> 				0, 0.5 </real_array>
			<string> "transitions" </string>
			<real_array  len="2"> 				0.25, 1 </real_array>
			<string> "update" </string>
			<int> 0 </int>
			<string> "values" </string>
			<array  len="2" shared="false">
				<real> -50.554932 </real>
				<real> 0 </real>
			</array>
		</dictionary>
		<string name="tracks/3/type"> "value" </string>
		<node_path name="tracks/3/path"> "Sprite:transform/scale" </node_path>
		<int name="tracks/3/interp"> 1 </int>
		<bool name="tracks/3/imported"> False </bool>
		<dictionary name="tracks/3/keys" shared="false">
			<string> "times" </string>
			<real_array  len="2"> 				0, 0.3 </real_array>
			<string> "transitions" </string>
			<real_array  len="2"> 				0.25, 1 </real_array>
			<string> "update" </string>
			<int> 0 </int>
			<string> "values" </string>
			<array  len="2" shared="false">
				<vector2> 1e-05, 1e-05 </vector2>
				<vector2> 1, 1 </vector2>
			</array>
		</dictionary>

	</resource>
	<resource type="SampleLibrary" path="local://2">
		<dictionary name="samples/jump" shared="false">
			<string> "db" </string>
			<real> 0 </real>
			<string> "pitch" </string>
			<real> 1 </real>
			<string> "sample" </string>
			<resource  external="1">  </resource>
		</dictionary>

	</resource>
	<main_resource>
		<dictionary name="_bundled" shared="false">
			<string> "conn_count" </string>
			<int> 0 </int>
			<string> "conns" </string>
			<int_array  len="0"> 				 </int_array>
			<string> "editable_instances" </string>
			<array  len="0" shared="false">
			</array>
			<string> "names" </string>
			<string_array  len="23">
				<string> "Star" </string>
				<string> "Sprite" </string>
				<string> "texture" </string>
				<string> "Player" </string>
				<string> "playback/process_mode" </string>
				<string> "playback/default_blend_time" </string>
				<string> "root/root" </string>
				<string> "anims/jump" </string>
				<string> "playback/active" </string>
				<string> "playback/speed" </string>
				<string> "blend_times" </string>
				<string> "autoplay" </string>
				<string> "AnimationPlayer" </string>
				<string> "SamplePlayer2D" </string>
				<string> "params/volume_db" </string>
				<string> "params/pitch_scale" </string>
				<string> "params/attenuation/min_distance" </string>
				<string> "params/attenuation/max_distance" </string>
				<string> "params/attenuation/distance_exp" </string>
				<string> "config/polyphony" </string>
				<string> "config/samples" </string>
				<string> "config/pitch_random" </string>
				<string> "__meta__" </string>
			</string_array>
			<string> "node_count" </string>
			<int> 4 </int>
			<string> "node_paths" </string>
			<array  len="0" shared="false">
			</array>
			<string> "nodes" </string>
			<int_array  len="64"> 				-1, -1, 1, 0, -1, 0, 0, 0, 0, 1, 1, -1, 1, 2, 0, 0, 0, 0, 12, 3, -1, 8, 4, 1, 5, 2, 6, 3, 7, 4, 8, 5, 9, 6, 10, 7, 11, 8, 0, 0, 0, 13, 13, -1, 9, 14, 2, 15, 6, 16, 6, 17, 9, 18, 6, 19, 1, 20, 10, 21, 2, 22, 11, 0 </int_array>
			<string> "variants" </string>
			<array  len="12" shared="false">
				<resource  external="0">  </resource>
				<int> 1 </int>
				<real> 0 </real>
				<node_path> ".." </node_path>
				<resource  resource_type="Animation" path="local://1">  </resource>
				<bool> True </bool>
				<real> 1 </real>
				<array  len="0" shared="false">
				</array>
				<string> "" </string>
				<real> 2048 </real>
				<resource  resource_type="SampleLibrary" path="local://2">  </resource>
				<dictionary  shared="false">
					<string> "_edit_lock_" </string>
					<bool> True </bool>
				</dictionary>
			</array>
			<string> "version" </string>
			<int> 2 </int>
		</dictionary>

	</main_resource>
</resource_file>