<?xml version="1.0" encoding="UTF-8" ?>
<resource_file type="PackedScene" subresource_count="9" version="2.1" version_name="Godot Engine v2.1.stable.official">
	<ext_resource path="res://Assets/images/victory/0010.png" type="Texture" index="0"></ext_resource>
	<ext_resource path="res://Assets/images/victory/0030.png" type="Texture" index="2"></ext_resource>
	<ext_resource path="res://Assets/images/victory/0040.png" type="Texture" index="3"></ext_resource>
	<ext_resource path="res://Assets/images/victory/0020.png" type="Texture" index="1"></ext_resource>
	<ext_resource path="res://Assets/images/victory/0060.png" type="Texture" index="5"></ext_resource>
	<ext_resource path="res://Assets/images/victory/0050.png" type="Texture" index="4"></ext_resource>
	<resource type="SpriteFrames" path="local://1">
		<array name="animations" len="1" shared="false">
			<dictionary  shared="false">
				<string> "frames" </string>
				<array  len="6" shared="false">
					<resource  external="0">  </resource>
					<resource  external="1">  </resource>
					<resource  external="2">  </resource>
					<resource  external="3">  </resource>
					<resource  external="4">  </resource>
					<resource  external="5">  </resource>
				</array>
				<string> "loop" </string>
				<bool> False </bool>
				<string> "name" </string>
				<string> "default" </string>
				<string> "speed" </string>
				<real> 5 </real>
			</dictionary>
		</array>

	</resource>
	<resource type="Animation" path="local://2">
		<string name="resource/name"> "Victory" </string>
		<real name="length"> 1 </real>
		<bool name="loop"> False </bool>
		<real name="step"> 0.1 </real>
		<string name="tracks/0/type"> "value" </string>
		<node_path name="tracks/0/path"> ".:frame" </node_path>
		<int name="tracks/0/interp"> 1 </int>
		<bool name="tracks/0/imported"> False </bool>
		<dictionary name="tracks/0/keys" shared="false">
			<string> "times" </string>
			<real_array  len="2"> 				0, 1 </real_array>
			<string> "transitions" </string>
			<real_array  len="2"> 				1, 1 </real_array>
			<string> "update" </string>
			<int> 0 </int>
			<string> "values" </string>
			<array  len="2" shared="false">
				<int> 0 </int>
				<int> 5 </int>
			</array>
		</dictionary>

	</resource>
	<main_resource>
		<dictionary name="_bundled" shared="false">
			<string> "conn_count" </string>
			<int> 0 </int>
			<string> "conns" </string>
			<int_array  len="0"> 				 </int_array>
			<string> "editable_instances" </string>
			<array  len="0" shared="false">
			</array>
			<string> "names" </string>
			<string_array  len="16">
				<string> "VictoryAnimation" </string>
				<string> "frames" </string>
				<string> "animation" </string>
				<string> "frame" </string>
				<string> "centered" </string>
				<string> "AnimatedSprite" </string>
				<string> "Player" </string>
				<string> "playback/process_mode" </string>
				<string> "playback/default_blend_time" </string>
				<string> "root/root" </string>
				<string> "anims/Victory" </string>
				<string> "playback/active" </string>
				<string> "playback/speed" </string>
				<string> "blend_times" </string>
				<string> "autoplay" </string>
				<string> "AnimationPlayer" </string>
			</string_array>
			<string> "node_count" </string>
			<int> 2 </int>
			<string> "node_paths" </string>
			<array  len="0" shared="false">
			</array>
			<string> "nodes" </string>
			<int_array  len="38"> 				-1, -1, 5, 0, -1, 4, 1, 0, 2, 1, 3, 2, 4, 3, 0, 0, 0, 15, 6, -1, 8, 7, 4, 8, 5, 9, 6, 10, 7, 11, 8, 12, 9, 13, 10, 14, 11, 0 </int_array>
			<string> "variants" </string>
			<array  len="12" shared="false">
				<resource  resource_type="SpriteFrames" path="local://1">  </resource>
				<string> "default" </string>
				<int> 5 </int>
				<bool> False </bool>
				<int> 1 </int>
				<real> 0 </real>
				<node_path> ".." </node_path>
				<resource  resource_type="Animation" path="local://2">  </resource>
				<bool> True </bool>
				<real> 1 </real>
				<array  len="0" shared="false">
				</array>
				<string> "" </string>
			</array>
			<string> "version" </string>
			<int> 2 </int>
		</dictionary>

	</main_resource>
</resource_file>