<?xml version="1.0" encoding="UTF-8" ?>
<resource_file type="PackedScene" subresource_count="3" version="2.1" version_name="Godot Engine v2.1.stable.official">
	<ext_resource path="res://Assets/images/level001.png" type="Texture" index="0"></ext_resource>
	<ext_resource path="res://Assets/CounterGame.xml" type="PackedScene" index="1"></ext_resource>
	<main_resource>
		<dictionary name="_bundled" shared="false">
			<string> "conn_count" </string>
			<int> 0 </int>
			<string> "conns" </string>
			<int_array  len="0"> 				 </int_array>
			<string> "editable_instances" </string>
			<array  len="0" shared="false">
			</array>
			<string> "names" </string>
			<string_array  len="26">
				<string> "Root" </string>
				<string> "Node2D" </string>
				<string> "Sprite" </string>
				<string> "texture" </string>
				<string> "centered" </string>
				<string> "CounterGame" </string>
				<string> "text" </string>
				<string> "Button" </string>
				<string> "focus/ignore_mouse" </string>
				<string> "focus/stop_mouse" </string>
				<string> "size_flags/horizontal" </string>
				<string> "size_flags/vertical" </string>
				<string> "margin/left" </string>
				<string> "margin/top" </string>
				<string> "margin/right" </string>
				<string> "margin/bottom" </string>
				<string> "toggle_mode" </string>
				<string> "enabled_focus_mode" </string>
				<string> "shortcut" </string>
				<string> "flat" </string>
				<string> "Button1" </string>
				<string> "Button2" </string>
				<string> "Button3" </string>
				<string> "Button4" </string>
				<string> "Button5" </string>
				<string> "Button6" </string>
			</string_array>
			<string> "node_count" </string>
			<int> 10 </int>
			<string> "node_paths" </string>
			<array  len="0" shared="false">
			</array>
			<string> "nodes" </string>
			<int_array  len="244"> 				-1, -1, 1, 0, -1, 0, 0, 0, 0, 2, 2, -1, 2, 3, 0, 4, 1, 0, 0, 0, 2147483647, 5, 2, 1, 6, 3, 0, 2, 0, 7, 7, -1, 12, 8, 1, 9, 4, 10, 5, 11, 5, 12, 6, 13, 7, 14, 8, 15, 9, 16, 1, 17, 5, 18, 10, 19, 1, 0, 2, 0, 7, 20, -1, 12, 8, 1, 9, 4, 10, 5, 11, 5, 12, 11, 13, 12, 14, 13, 15, 14, 16, 1, 17, 5, 18, 10, 19, 1, 0, 2, 0, 7, 21, -1, 12, 8, 1, 9, 4, 10, 5, 11, 5, 12, 15, 13, 16, 14, 17, 15, 18, 16, 1, 17, 5, 18, 10, 19, 1, 0, 2, 0, 7, 22, -1, 12, 8, 1, 9, 4, 10, 5, 11, 5, 12, 19, 13, 20, 14, 21, 15, 22, 16, 1, 17, 5, 18, 10, 19, 1, 0, 2, 0, 7, 23, -1, 12, 8, 1, 9, 4, 10, 5, 11, 5, 12, 23, 13, 24, 14, 25, 15, 26, 16, 1, 17, 5, 18, 10, 19, 1, 0, 2, 0, 7, 24, -1, 12, 8, 1, 9, 4, 10, 5, 11, 5, 12, 27, 13, 20, 14, 7, 15, 22, 16, 1, 17, 5, 18, 10, 19, 1, 0, 2, 0, 7, 25, -1, 12, 8, 1, 9, 4, 10, 5, 11, 5, 12, 28, 13, 29, 14, 30, 15, 31, 16, 1, 17, 5, 18, 10, 19, 1, 0 </int_array>
			<string> "variants" </string>
			<array  len="32" shared="false">
				<resource  external="0">  </resource>
				<bool> False </bool>
				<resource  external="1">  </resource>
				<string> "Clelia, l&apos;amie de Nathan, veut lui offrir un beau bouquet composé uniquement de fleurs rouges. Elle ne choisit donc, pour son bouquet, que les tulipes rouges. Peux tu cliquer sur chaque fleur rouge et nous dire combien elle en aura?" </string>
				<bool> True </bool>
				<int> 2 </int>
				<real> 198 </real>
				<real> 359 </real>
				<real> 223 </real>
				<real> 384 </real>
				<resource name=""></resource>				<real> 230 </real>
				<real> 347 </real>
				<real> 257 </real>
				<real> 371 </real>
				<real> 261 </real>
				<real> 364 </real>
				<real> 288 </real>
				<real> 388 </real>
				<real> 251 </real>
				<real> 411 </real>
				<real> 282 </real>
				<real> 457 </real>
				<real> 290 </real>
				<real> 412 </real>
				<real> 321 </real>
				<real> 458 </real>
				<real> 328 </real>
				<real> 443 </real>
				<real> 410 </real>
				<real> 488 </real>
				<real> 456 </real>
			</array>
			<string> "version" </string>
			<int> 2 </int>
		</dictionary>

	</main_resource>
</resource_file>