<?xml version="1.0" encoding="UTF-8" ?>
<resource_file type="PackedScene" subresource_count="13" version="2.1" version_name="Godot Engine v2.1.stable.official">
	<ext_resource path="res://Assets/CounterGame.gd" type="Script" index="0"></ext_resource>
	<ext_resource path="res://Assets/sounds/upmid.wav" type="Sample" index="3"></ext_resource>
	<ext_resource path="res://Assets/sounds/yeah.wav" type="Sample" index="5"></ext_resource>
	<ext_resource path="res://Assets/sounds/click.wav" type="Sample" index="2"></ext_resource>
	<ext_resource path="res://Assets/theme/Stanberry.ttf" type="DynamicFontData" index="8"></ext_resource>
	<ext_resource path="res://Assets/DialogCounter.xml" type="PackedScene" index="1"></ext_resource>
	<ext_resource path="res://Assets/theme/theme.thm" type="Theme" index="7"></ext_resource>
	<ext_resource path="res://Assets/images/counter_background.png" type="Texture" index="6"></ext_resource>
	<ext_resource path="res://Assets/UI/VictoryAnimation.xml" type="PackedScene" index="9"></ext_resource>
	<ext_resource path="res://Assets/sounds/135125__ecfike__computer-error.wav" type="Sample" index="4"></ext_resource>
	<resource type="SampleLibrary" path="local://1">
		<dictionary name="samples/click" shared="false">
			<string> "db" </string>
			<real> 0 </real>
			<string> "pitch" </string>
			<real> 1 </real>
			<string> "sample" </string>
			<resource  external="2">  </resource>
		</dictionary>
		<dictionary name="samples/dialog" shared="false">
			<string> "db" </string>
			<real> 0 </real>
			<string> "pitch" </string>
			<real> 1 </real>
			<string> "sample" </string>
			<resource  external="3">  </resource>
		</dictionary>
		<dictionary name="samples/error" shared="false">
			<string> "db" </string>
			<real> 0 </real>
			<string> "pitch" </string>
			<real> 1 </real>
			<string> "sample" </string>
			<resource  external="4">  </resource>
		</dictionary>
		<dictionary name="samples/yeah" shared="false">
			<string> "db" </string>
			<real> 0 </real>
			<string> "pitch" </string>
			<real> 1 </real>
			<string> "sample" </string>
			<resource  external="5">  </resource>
		</dictionary>

	</resource>
	<resource type="DynamicFont" path="local://2">
		<int name="font/size"> 120 </int>
		<bool name="font/use_mipmaps"> False </bool>
		<bool name="font/use_filter"> False </bool>
		<resource name="font/font" external="8">  </resource>
		<resource name="fallback/0"></resource>
	</resource>
	<main_resource>
		<dictionary name="_bundled" shared="false">
			<string> "conn_count" </string>
			<int> 4 </int>
			<string> "conns" </string>
			<int_array  len="24"> 				1, 0, 54, 53, 2, 0, 7, 0, 56, 55, 2, 0, 8, 0, 56, 57, 2, 0, 9, 0, 56, 58, 2, 0 </int_array>
			<string> "editable_instances" </string>
			<array  len="0" shared="false">
			</array>
			<string> "names" </string>
			<string_array  len="59">
				<string> "CounterGame" </string>
				<string> "script/script" </string>
				<string> "title" </string>
				<string> "text" </string>
				<string> "Node2D" </string>
				<string> "Dialog" </string>
				<string> "visibility/visible" </string>
				<string> "margin/right" </string>
				<string> "margin/bottom" </string>
				<string> "Sounds" </string>
				<string> "params/volume_db" </string>
				<string> "params/pitch_scale" </string>
				<string> "params/attenuation/min_distance" </string>
				<string> "params/attenuation/max_distance" </string>
				<string> "params/attenuation/distance_exp" </string>
				<string> "config/polyphony" </string>
				<string> "config/samples" </string>
				<string> "config/pitch_random" </string>
				<string> "__meta__" </string>
				<string> "SamplePlayer2D" </string>
				<string> "Counter" </string>
				<string> "transform/pos" </string>
				<string> "texture" </string>
				<string> "centered" </string>
				<string> "Sprite" </string>
				<string> "Question" </string>
				<string> "focus/ignore_mouse" </string>
				<string> "focus/stop_mouse" </string>
				<string> "size_flags/horizontal" </string>
				<string> "size_flags/vertical" </string>
				<string> "theme/theme" </string>
				<string> "margin/left" </string>
				<string> "margin/top" </string>
				<string> "autowrap" </string>
				<string> "percent_visible" </string>
				<string> "lines_skipped" </string>
				<string> "max_lines_visible" </string>
				<string> "Label" </string>
				<string> "Number" </string>
				<string> "custom_fonts/font" </string>
				<string> "align" </string>
				<string> "valign" </string>
				<string> "Buttons" </string>
				<string> "Button_Down" </string>
				<string> "toggle_mode" </string>
				<string> "enabled_focus_mode" </string>
				<string> "shortcut" </string>
				<string> "flat" </string>
				<string> "Button" </string>
				<string> "Button_Up" </string>
				<string> "OkButton" </string>
				<string> "Stars" </string>
				<string> "VictoryAnimation" </string>
				<string> "_on_Dialog_ok_pressed" </string>
				<string> "ok_pressed" </string>
				<string> "_on_Button_Down_pressed" </string>
				<string> "pressed" </string>
				<string> "_on_Button_Up_pressed" </string>
				<string> "_on_OkButton_pressed" </string>
			</string_array>
			<string> "node_count" </string>
			<int> 12 </int>
			<string> "node_paths" </string>
			<array  len="0" shared="false">
			</array>
			<string> "nodes" </string>
			<int_array  len="260"> 				-1, -1, 4, 0, -1, 3, 1, 0, 2, 1, 3, 2, 0, 0, 0, 2147483647, 5, 3, 3, 6, 4, 7, 5, 8, 5, 0, 0, 0, 19, 9, -1, 9, 10, 6, 11, 7, 12, 7, 13, 8, 14, 7, 15, 9, 16, 10, 17, 6, 18, 11, 0, 0, 0, 24, 20, -1, 3, 21, 12, 22, 13, 23, 4, 0, 0, 0, 37, 25, -1, 14, 26, 14, 27, 14, 28, 15, 29, 16, 30, 17, 31, 18, 32, 19, 7, 20, 8, 21, 3, 22, 33, 14, 34, 7, 35, 16, 36, 23, 0, 0, 0, 37, 38, -1, 16, 26, 14, 27, 14, 28, 15, 29, 16, 30, 17, 31, 24, 32, 25, 7, 26, 8, 27, 39, 28, 3, 29, 40, 9, 41, 9, 34, 7, 35, 16, 36, 23, 0, 0, 0, 4, 42, -1, 1, 21, 30, 0, 6, 0, 48, 43, -1, 12, 26, 4, 27, 14, 28, 15, 29, 15, 31, 6, 32, 31, 7, 32, 8, 33, 44, 4, 45, 15, 46, 34, 47, 4, 0, 6, 0, 48, 49, -1, 12, 26, 4, 27, 14, 28, 15, 29, 15, 31, 6, 32, 6, 7, 32, 8, 32, 44, 4, 45, 15, 46, 34, 47, 4, 0, 6, 0, 48, 50, -1, 14, 26, 4, 27, 14, 28, 15, 29, 15, 30, 17, 31, 35, 32, 36, 7, 37, 8, 38, 44, 4, 45, 15, 46, 34, 3, 39, 47, 4, 0, 0, 0, 4, 51, -1, 0, 0, 0, 0, 2147483647, 52, 40, 1, 6, 4, 0 </int_array>
			<string> "variants" </string>
			<array  len="41" shared="false">
				<resource  external="0">  </resource>
				<string> "Question!" </string>
				<string> "Combien de cerises?" </string>
				<resource  external="1">  </resource>
				<bool> False </bool>
				<real> 64 </real>
				<real> 0 </real>
				<real> 1 </real>
				<real> 2048 </real>
				<int> 1 </int>
				<resource  resource_type="SampleLibrary" path="local://1">  </resource>
				<dictionary  shared="false">
					<string> "_edit_lock_" </string>
					<bool> True </bool>
				</dictionary>
				<vector2> 573, 0 </vector2>
				<resource  external="6">  </resource>
				<bool> True </bool>
				<int> 2 </int>
				<int> 0 </int>
				<resource  external="7">  </resource>
				<real> 611 </real>
				<real> 41 </real>
				<real> 979 </real>
				<real> 213 </real>
				<string> "Sample Text" </string>
				<int> -1 </int>
				<real> 658 </real>
				<real> 240 </real>
				<real> 817 </real>
				<real> 454 </real>
				<resource  resource_type="DynamicFont" path="local://2">  </resource>
				<string> "0" </string>
				<vector2> 889, 249 </vector2>
				<real> 112 </real>
				<real> 71 </real>
				<real> 183 </real>
				<resource name=""></resource>				<real> -209 </real>
				<real> 251 </real>
				<real> -51 </real>
				<real> 296 </real>
				<string> "Ok" </string>
				<resource  external="9">  </resource>
			</array>
			<string> "version" </string>
			<int> 2 </int>
		</dictionary>

	</main_resource>
</resource_file>