<?xml version="1.0" encoding="UTF-8" ?>
<resource_file type="PackedScene" subresource_count="2" version="2.1" version_name="Godot Engine v2.1.stable.official">
	<ext_resource path="res://Assets/LevelChoice.gd" type="Script" index="0"></ext_resource>
	<main_resource>
		<dictionary name="_bundled" shared="false">
			<string> "conn_count" </string>
			<int> 1 </int>
			<string> "conns" </string>
			<int_array  len="6"> 				1, 0, 19, 18, 2, 0 </int_array>
			<string> "editable_instances" </string>
			<array  len="0" shared="false">
			</array>
			<string> "names" </string>
			<string_array  len="20">
				<string> "LevelChoice" </string>
				<string> "anchor/right" </string>
				<string> "anchor/bottom" </string>
				<string> "focus/ignore_mouse" </string>
				<string> "focus/stop_mouse" </string>
				<string> "size_flags/horizontal" </string>
				<string> "size_flags/vertical" </string>
				<string> "margin/left" </string>
				<string> "margin/top" </string>
				<string> "margin/right" </string>
				<string> "margin/bottom" </string>
				<string> "script/script" </string>
				<string> "Control" </string>
				<string> "Buttons" </string>
				<string> "button/count" </string>
				<string> "button/min_button_size" </string>
				<string> "button/align" </string>
				<string> "HButtonArray" </string>
				<string> "_on_Buttons_button_selected" </string>
				<string> "button_selected" </string>
			</string_array>
			<string> "node_count" </string>
			<int> 2 </int>
			<string> "node_paths" </string>
			<array  len="0" shared="false">
			</array>
			<string> "nodes" </string>
			<int_array  len="60"> 				-1, -1, 12, 0, -1, 11, 1, 0, 2, 0, 3, 1, 4, 2, 5, 3, 6, 3, 7, 4, 8, 5, 9, 4, 10, 6, 11, 7, 0, 0, 0, 17, 13, -1, 12, 2, 0, 3, 1, 4, 2, 5, 3, 6, 3, 7, 4, 8, 4, 9, 8, 10, 9, 14, 10, 15, 11, 16, 10, 0 </int_array>
			<string> "variants" </string>
			<array  len="12" shared="false">
				<int> 1 </int>
				<bool> False </bool>
				<bool> True </bool>
				<int> 2 </int>
				<real> 0 </real>
				<real> 2 </real>
				<real> -2 </real>
				<resource  external="0">  </resource>
				<real> 40 </real>
				<real> 560 </real>
				<int> 0 </int>
				<real> -1 </real>
			</array>
			<string> "version" </string>
			<int> 2 </int>
		</dictionary>

	</main_resource>
</resource_file>